{"cameraMode":{"drawMode":0,"name":"Shaded","section":"Shading Mode"},"sceneLighting":true,"audioPlay":false,"sceneViewState":{"m_AlwaysRefresh":false,"showFog":true,"showSkybox":false,"showFlares":true,"showImageEffects":true,"showParticleSystems":true,"showVisualEffectGraphs":true,"m_FxEnabled":true},"in2DMode":false,"pivot":{"x":4.605896949768066,"y":0.5884715914726257,"z":14.17246150970459},"rotation":{"x":-0.05539688467979431,"y":-0.44167810678482058,"z":0.027330171316862108,"w":-0.8950622081756592},"size":2.5658175945281984,"orthographic":false}